"","Kingdom","Phylum","Class","Order","Family","Genus","Species"
"OTU.1","k__Fungi","p__Ascomycota","c__Leotiomycetes","o__Helotiales","f__Hyaloscyphaceae","g__Lemonniera","s__centrosphaera"
"OTU.2","k__Fungi","p__Basidiomycota","c__Tremellomycetes","o__Filobasidiales","f__Filobasidiaceae","g__Filobasidium","s__wieringae"
"OTU.3","k__Fungi","p__Ascomycota","c__Dothideomycetes","o__Capnodiales","f__Mycosphaerellaceae","g__Mycosphaerella","s__tassiana"
"OTU.4","k__Fungi","p__Ascomycota","c__Taphrinomycetes","o__Taphrinales","f__Taphrinaceae","g__Taphrina","s__carpini"
"OTU.5","k__Fungi","p__Ascomycota","c__Dothideomycetes","o__Dothideales","f__Dothideaceae","g__Endoconidioma","s__populi"
"OTU.6","k__Fungi","p__Ascomycota","c__Dothideomycetes","o__Pleosporales","f__Didymosphaeriaceae","g__Paraconiothyrium",NA
"OTU.8","k__Fungi","p__Ascomycota","c__Dothideomycetes","o__Venturiales","f__Venturiaceae","g__Venturia",NA
"OTU.9","k__Fungi","p__Ascomycota","c__Arthoniomycetes","o__Lichenostigmatales","f__Phaeococcomycetaceae","g__Phaeococcomyces",NA
"OTU.10","k__Fungi","p__Ascomycota","c__Dothideomycetes","o__Pleosporales","f__Pleosporaceae","g__Comoclathris","s__rosae"
"OTU.11","k__Fungi","p__Ascomycota","c__Dothideomycetes","o__Dothideales","f__Aureobasidiaceae","g__Aureobasidium","s__pullulans"
"OTU.12","k__Fungi","p__Basidiomycota","c__Tremellomycetes","o__Tremellales","f__Tremellaceae","g__Cryptococcus","s__cuniculi"
"OTU.13","k__Fungi","p__Ascomycota","c__Leotiomycetes","o__Helotiales","f__Chaetomellaceae","g__Pilidium","s__concavum"
"OTU.14","k__Fungi","p__Ascomycota","c__Sordariomycetes","o__Xylariales","f__Sporocadaceae","g__Seiridium","s__ceratosporum"
"OTU.15","k__Fungi","p__Ascomycota","c__Dothideomycetes","o__Pleosporales","f__Didymellaceae",NA,NA
"OTU.16","k__Fungi","p__Ascomycota","c__Sordariomycetes","o__Xylariales","f__Sporocadaceae","g__Discosia",NA
"OTU.17","k__Fungi","p__Ascomycota","c__Taphrinomycetes","o__Taphrinales",NA,NA,NA
"OTU.18","k__Fungi","p__Basidiomycota","c__Tremellomycetes","o__Cystofilobasidiales","f__Mrakiaceae","g__Udeniomyces","s__kanasensis"
"OTU.19","k__Fungi","p__Ascomycota","c__Arthoniomycetes","o__Lichenostigmatales","f__Phaeococcomycetaceae","g__Phaeococcomyces",NA
"OTU.20","k__Fungi","p__Basidiomycota","c__Pucciniomycetes","o__Pucciniales","f__Melampsoraceae","g__Melampsora","s__occidentalis"
"OTU.21","k__Fungi","p__Ascomycota","c__Dothideomycetes","o__Pleosporales","f__Phaeosphaeriaceae","g__Chaetosphaeronema",NA
"OTU.22","k__Fungi","p__Ascomycota","c__Dothideomycetes","o__Dothideales","f__Aureobasidiaceae","g__Aureobasidium","s__subglaciale"
"OTU.24","k__Fungi","p__Basidiomycota","c__Cystobasidiomycetes","o__Cystobasidiomycetes_ord_Incertae_sedis","f__Buckleyzymaceae","g__Buckleyzyma","s__aurantiaca"
"OTU.25","k__Fungi","p__Ascomycota","c__Leotiomycetes","o__Helotiales","f__Leotiaceae","g__Flagellospora","s__fusarioides"
"OTU.26","k__Fungi","p__Ascomycota","c__Dothideomycetes","o__Pleosporales",NA,NA,NA
"OTU.27","k__Fungi","p__Ascomycota","c__Sordariomycetes","o__Xylariales","f__Amphisphaeriaceae","g__Seimatosporium","s__pistaciae"
"OTU.28","k__Fungi","p__Basidiomycota","c__Agaricomycetes",NA,NA,NA,NA
"OTU.29","k__Fungi","p__Ascomycota","c__Dothideomycetes","o__Capnodiales","f__Cladosporiaceae","g__Rachicladosporium",NA
"OTU.30","k__Fungi","p__Ascomycota","c__Dothideomycetes","o__Pleosporales","f__Pleosporaceae","g__Alternaria",NA
"OTU.31","k__Fungi","p__Ascomycota","c__Dothideomycetes","o__Pleosporales","f__Didymosphaeriaceae",NA,NA
"OTU.33","k__Fungi","p__Basidiomycota","c__Agaricomycetes","o__Auriculariales","f__Exidiaceae",NA,NA
"OTU.34","k__Fungi",NA,NA,NA,NA,NA,NA
"OTU.35","k__Fungi","p__Ascomycota","c__Sordariomycetes","o__Glomerellales","f__Plectosphaerellaceae","g__Plectosphaerella","s__cucumerina"
"OTU.36","k__Fungi","p__Basidiomycota","c__Tremellomycetes","o__Cystofilobasidiales","f__Mrakiaceae","g__Udeniomyces","s__kanasensis"
"OTU.37","k__Fungi","p__Ascomycota","c__Sordariomycetes","o__Xylariales",NA,NA,NA
"OTU.38","k__Fungi","p__Ascomycota","c__Leotiomycetes","o__Helotiales","f__Helotiaceae","g__Tetracladium",NA
"OTU.39","k__Fungi","p__Basidiomycota","c__Tremellomycetes","o__Filobasidiales","f__Filobasidiaceae","g__Filobasidium","s__stepposum"
"OTU.40","k__Fungi","p__Basidiomycota","c__Tremellomycetes","o__Filobasidiales","f__Filobasidiaceae","g__Naganishia",NA
"OTU.42","k__Fungi",NA,NA,NA,NA,NA,NA
"OTU.43","k__Fungi","p__Basidiomycota","c__Agaricomycetes","o__Cantharellales","f__Ceratobasidiaceae",NA,NA
"OTU.45","k__Fungi","p__Basidiomycota","c__Cystobasidiomycetes","o__Cystobasidiomycetes_ord_Incertae_sedis","f__Buckleyzymaceae","g__Buckleyzyma","s__phyllomatis"
"OTU.46","k__Fungi","p__Ascomycota","c__Dothideomycetes","o__Pleosporales","f__Amniculicolaceae","g__Murispora","s__galii"
"OTU.47","k__Fungi","p__Ascomycota","c__Dothideomycetes","o__Pleosporales","f__Pleosporaceae","g__Comoclathris","s__rosae"
"OTU.48","k__Fungi","p__Ascomycota","c__Dothideomycetes","o__Pleosporales","f__Pleosporaceae","g__Alternaria","s__alternata"
"OTU.49","k__Fungi","p__Basidiomycota","c__Tremellomycetes","o__Cystofilobasidiales","f__Cystofilobasidiales_fam_Incertae_sedis","g__Mrakiella","s__aquatica"
"OTU.50","k__Fungi","p__Basidiomycota",NA,NA,NA,NA,NA
"OTU.52","k__Fungi","p__Ascomycota","c__Dothideomycetes","o__Pleosporales","f__Didymellaceae",NA,NA
"OTU.53","k__Fungi","p__Ascomycota","c__Dothideomycetes","o__Pleosporales","f__Pleosporaceae","g__Stemphylium","s__vesicarium"
"OTU.54","k__Fungi","p__Basidiomycota","c__Agaricomycetes","o__Agaricales","f__Lycoperdaceae","g__Holocotylon",NA
"OTU.55","k__Fungi","p__Ascomycota","c__Dothideomycetes","o__Dothideales","f__Aureobasidiaceae","g__Aureobasidium","s__pullulans"
"OTU.56","k__Fungi","p__Basidiomycota","c__Agaricomycetes","o__Cantharellales","f__Ceratobasidiaceae",NA,NA
"OTU.57","k__Fungi","p__Ascomycota","c__Dothideomycetes","o__Pleosporales","f__Sporormiaceae","g__Preussia","s__tetramera"
"OTU.58","k__Fungi","p__Basidiomycota","c__Tremellomycetes","o__Tremellales","f__Phaeotremellaceae","g__Gelidatrema",NA
"OTU.59","k__Fungi","p__Ascomycota","c__Dothideomycetes","o__Capnodiales","f__Cladosporiaceae","g__Rachicladosporium",NA
"OTU.60","k__Fungi","p__Ascomycota","c__Leotiomycetes","o__Helotiales","f__Sclerotiniaceae",NA,NA
"OTU.61","k__Fungi","p__Ascomycota","c__Dothideomycetes","o__Pleosporales","f__Pleomassariaceae","g__Tumularia","s__aquatica"
"OTU.62","k__Fungi","p__Basidiomycota","c__Agaricomycetes",NA,NA,NA,NA
"OTU.65","k__Fungi","p__Ascomycota","c__Dothideomycetes","o__Pleosporales","f__Phaeosphaeriaceae","g__Juncaceicola",NA
"OTU.66","k__Fungi","p__Ascomycota","c__Sordariomycetes","o__Xylariales","f__Bartaliniaceae",NA,NA
"OTU.67","k__Fungi","p__Basidiomycota","c__Tremellomycetes","o__Tremellales","f__Bulleraceae","g__Genolevuria","s__amylolytica"
"OTU.68","k__Fungi","p__Basidiomycota","c__Agaricomycetes",NA,NA,NA,NA
"OTU.69","k__Fungi",NA,NA,NA,NA,NA,NA
"OTU.70","k__Fungi","p__Ascomycota","c__Dothideomycetes","o__Dothideales","f__Aureobasidiaceae","g__Aureobasidium","s__subglaciale"
"OTU.72","k__Fungi","p__Ascomycota","c__Dothideomycetes","o__Pleosporales","f__Sporormiaceae",NA,NA
"OTU.73","k__Fungi","p__Basidiomycota","c__Tremellomycetes",NA,NA,NA,NA
"OTU.75","k__Fungi","p__Basidiomycota",NA,NA,NA,NA,NA
"OTU.76","k__Fungi",NA,NA,NA,NA,NA,NA
"OTU.78","k__Fungi","p__Basidiomycota","c__Agaricomycetes","o__Cantharellales","f__Ceratobasidiaceae","g__Ceratobasidium",NA
"OTU.79","k__Fungi","p__Ascomycota","c__Taphrinomycetes","o__Taphrinales","f__Taphrinaceae","g__Taphrina","s__robinsoniana"
"OTU.80","k__Fungi","p__Ascomycota","c__Dothideomycetes","o__Pleosporales","f__Sporormiaceae",NA,NA
"OTU.82","k__Fungi","p__Basidiomycota",NA,NA,NA,NA,NA
"OTU.83","k__Fungi",NA,NA,NA,NA,NA,NA
"OTU.84","k__Fungi","p__Basidiomycota","c__Tremellomycetes","o__Cystofilobasidiales","f__Mrakiaceae","g__Udeniomyces","s__pyricola"
"OTU.85","k__Fungi","p__Ascomycota","c__Dothideomycetes","o__Pleosporales","f__Didymosphaeriaceae",NA,NA
"OTU.87","k__Fungi","p__Basidiomycota","c__Pucciniomycetes","o__Pucciniales","f__Melampsoraceae","g__Melampsora",NA
"OTU.89","k__Fungi","p__Ascomycota","c__Dothideomycetes","o__Capnodiales","f__Teratosphaeriaceae",NA,NA
"OTU.90","k__Fungi",NA,NA,NA,NA,NA,NA
"OTU.92","k__Fungi","p__Ascomycota","c__Leotiomycetes","o__Helotiales","f__Helotiaceae","g__Tetracladium","s__marchalianum"
"OTU.93","k__Fungi","p__Ascomycota","c__Dothideomycetes","o__Pleosporales","f__Pleomassariaceae","g__Tumularia","s__aquatica"
"OTU.94","k__Fungi","p__Basidiomycota","c__Tremellomycetes","o__Tremellales","f__Tremellaceae","g__Tremella","s__roseotincta"
"OTU.96","k__Fungi","p__Ascomycota","c__Dothideomycetes","o__Pleosporales","f__Amniculicolaceae","g__Murispora","s__galii"
"OTU.97","k__Fungi","p__Ascomycota","c__Dothideomycetes","o__Capnodiales","f__Teratosphaeriaceae","g__Friedmanniomyces",NA
"OTU.98","k__Fungi","p__Basidiomycota","c__Microbotryomycetes","o__Leucosporidiales","f__Leucosporidiaceae","g__Leucosporidium",NA
"OTU.100","k__Fungi","p__Ascomycota","c__Dothideomycetes","o__Pleosporales","f__Pleomassariaceae","g__Tumularia","s__aquatica"
"OTU.102","k__Fungi","p__Basidiomycota","c__Tremellomycetes","o__Tremellales","f__Bulleraceae","g__Genolevuria","s__amylolytica"
"OTU.103","k__Fungi",NA,NA,NA,NA,NA,NA
"OTU.105","k__Fungi","p__Basidiomycota","c__Agaricomycetes",NA,NA,NA,NA
"OTU.106","k__Fungi","p__Ascomycota",NA,NA,NA,NA,NA
"OTU.107","k__Fungi","p__Ascomycota","c__Dothideomycetes","o__Myriangiales","f__Myriangiales_fam_Incertae_sedis","g__Phaeosclera","s__dematioides"
"OTU.108","k__Fungi","p__Basidiomycota","c__Tremellomycetes","o__Cystofilobasidiales","f__Mrakiaceae","g__Itersonilia","s__pannonica"
"OTU.109","k__Fungi","p__Ascomycota","c__Dothideomycetes","o__Pleosporales","f__Phaeosphaeriaceae","g__Nodulosphaeria","s__aconiti"
"OTU.110","k__Fungi","p__Basidiomycota","c__Tremellomycetes","o__Tremellales","f__Bulleraceae","g__Genolevuria","s__amylolytica"
"OTU.111","k__Fungi","p__Ascomycota","c__Eurotiomycetes","o__Chaetothyriales","f__Trichomeriaceae","g__Knufia",NA
"OTU.112","k__Fungi","p__Basidiomycota","c__Agaricomycetes","o__Boletales","f__Melanogastraceae","g__Alpova","s__cinnamomeus"
"OTU.113","k__Fungi",NA,NA,NA,NA,NA,NA
"OTU.115","k__Fungi","p__Basidiomycota","c__Pucciniomycetes","o__Pucciniales","f__Melampsoraceae","g__Melampsora","s__epitea"
"OTU.116","k__Fungi",NA,NA,NA,NA,NA,NA
"OTU.117","k__Fungi","p__Basidiomycota","c__Tremellomycetes","o__Tremellales","f__Bulleribasidiaceae","g__Dioszegia","s__hungarica"
"OTU.119","k__Fungi","p__Ascomycota","c__Leotiomycetes","o__Helotiales","f__Helotiaceae","g__Anguillospora","s__longissima"
"OTU.120","k__Fungi","p__Basidiomycota",NA,NA,NA,NA,NA
"OTU.121","k__Fungi","p__Ascomycota","c__Dothideomycetes","o__Pleosporales","f__Sporormiaceae",NA,NA
"OTU.122","k__Fungi","p__Ascomycota","c__Dothideomycetes","o__Pleosporales","f__Phaeosphaeriaceae",NA,NA
"OTU.123","k__Fungi","p__Basidiomycota","c__Tremellomycetes","o__Tremellales","f__Phaeotremellaceae","g__Phaeotremella","s__skinneri"
"OTU.124","k__Fungi",NA,NA,NA,NA,NA,NA
"OTU.125","k__Fungi","p__Ascomycota","c__Leotiomycetes","o__Helotiales","f__Helotiaceae","g__Tricladium","s__splendens"
"OTU.126","k__Fungi","p__Ascomycota","c__Eurotiomycetes","o__Phaeomoniellales","f__Phaeomoniellaceae",NA,NA
"OTU.128","k__Fungi",NA,NA,NA,NA,NA,NA
"OTU.129","k__Fungi","p__Ascomycota","c__Dothideomycetes","o__Pleosporales","f__Phaeosphaeriaceae",NA,NA
"OTU.130","k__Fungi",NA,NA,NA,NA,NA,NA
"OTU.131","k__Fungi",NA,NA,NA,NA,NA,NA
"OTU.132","k__Fungi","p__Ascomycota","c__Dothideomycetes","o__Pleosporales","f__Phaeosphaeriaceae","g__Phaeosphaeria","s__caricis"
"OTU.134","k__Fungi","p__Ascomycota","c__Dothideomycetes","o__Venturiales",NA,NA,NA
"OTU.135","k__Fungi",NA,NA,NA,NA,NA,NA
"OTU.136","k__Fungi",NA,NA,NA,NA,NA,NA
"OTU.138","k__Fungi",NA,NA,NA,NA,NA,NA
"OTU.139","k__Fungi",NA,NA,NA,NA,NA,NA
"OTU.140","k__Fungi","p__Basidiomycota",NA,NA,NA,NA,NA
"OTU.141","k__Fungi","p__Ascomycota","c__Dothideomycetes","o__Capnodiales","f__Cladosporiaceae","g__Rachicladosporium",NA
"OTU.142","k__Fungi","p__Ascomycota",NA,NA,NA,NA,NA
"OTU.143","k__Fungi","p__Ascomycota","c__Leotiomycetes","o__Helotiales","f__Helotiaceae","g__Helicodendron","s__luteoalbum"
"OTU.144","k__Fungi","p__Ascomycota","c__Orbiliomycetes","o__Orbiliales","f__Orbiliaceae","g__Dactylella","s__rhopalota"
"OTU.145","k__Fungi","p__Basidiomycota","c__Tremellomycetes","o__Tremellales","f__Bulleribasidiaceae","g__Vishniacozyma","s__victoriae"
"OTU.146","k__Fungi","p__Chytridiomycota","c__Rhizophydiomycetes","o__Rhizophydiales","f__Gorgonomycetaceae","g__Gorgonomyces","s__haynaldii"
"OTU.148","k__Fungi","p__Ascomycota","c__Dothideomycetes","o__Pleosporales","f__Pleosporaceae","g__Alternaria",NA
"OTU.149","k__Fungi",NA,NA,NA,NA,NA,NA
"OTU.150","k__Fungi","p__Ascomycota","c__Leotiomycetes","o__Helotiales","f__Helotiaceae","g__Tetracladium",NA
"OTU.151","k__Fungi","p__Ascomycota","c__Sordariomycetes","o__Xylariales","f__Amphisphaeriaceae","g__Polyscytalum","s__eucalyptigenum"
"OTU.152","k__Fungi","p__Basidiomycota","c__Agaricomycetes",NA,NA,NA,NA
"OTU.153","k__Fungi","p__Ascomycota","c__Dothideomycetes","o__Pleosporales","f__Phaeosphaeriaceae","g__Chaetosphaeronema",NA
"OTU.154","k__Fungi",NA,NA,NA,NA,NA,NA
"OTU.155","k__Fungi","p__Ascomycota","c__Dothideomycetes","o__Venturiales","f__Venturiaceae","g__Venturia",NA
"OTU.156","k__Fungi","p__Ascomycota","c__Dothideomycetes","o__Dothideales","f__Dothideales_fam_Incertae_sedis","g__Selenophoma","s__mahoniae"
"OTU.157","k__Fungi","p__Ascomycota","c__Dothideomycetes","o__Pleosporales","f__Melanommataceae","g__Herpotrichia","s__juniperi"
"OTU.158","k__Fungi","p__Ascomycota","c__Eurotiomycetes","o__Phaeomoniellales","f__Phaeomoniellaceae",NA,NA
"OTU.161","k__Fungi","p__Ascomycota","c__Sordariomycetes","o__Xylariales",NA,NA,NA
"OTU.162","k__Fungi","p__Ascomycota","c__Arthoniomycetes","o__Lichenostigmatales","f__Phaeococcomycetaceae","g__Phaeococcomyces",NA
"OTU.163","k__Fungi","p__Ascomycota","c__Dothideomycetes","o__Capnodiales","f__Teratosphaeriaceae","g__Friedmanniomyces",NA
"OTU.164","k__Fungi","p__Ascomycota","c__Dothideomycetes","o__Pleosporales",NA,NA,NA
"OTU.166","k__Fungi","p__Ascomycota","c__Arthoniomycetes","o__Lichenostigmatales","f__Phaeococcomycetaceae","g__Phaeococcomyces",NA
"OTU.167","k__Fungi","p__Ascomycota","c__Dothideomycetes","o__Pleosporales","f__Phaeosphaeriaceae","g__Paraphoma","s__chrysanthemicola"
"OTU.168","k__Fungi","p__Basidiomycota","c__Microbotryomycetes","o__Sporidiobolales","f__Sporidiobolaceae","g__Rhodosporidiobolus","s__colostri"
"OTU.169","k__Fungi","p__Basidiomycota","c__Cystobasidiomycetes","o__Naohideales","f__Naohideaceae","g__Naohidea","s__sebacea"
"OTU.170","k__Fungi","p__Basidiomycota","c__Tremellomycetes","o__Tremellales","f__Bulleraceae","g__Genolevuria","s__amylolytica"
"OTU.172","k__Fungi",NA,NA,NA,NA,NA,NA
"OTU.173","k__Fungi",NA,NA,NA,NA,NA,NA
"OTU.174","k__Fungi",NA,NA,NA,NA,NA,NA
"OTU.175","k__Fungi","p__Ascomycota",NA,NA,NA,NA,NA
"OTU.176","k__Fungi","p__Ascomycota","c__Dothideomycetes","o__Venturiales","f__Sympoventuriaceae","g__Ochroconis",NA
"OTU.178","k__Fungi",NA,NA,NA,NA,NA,NA
"OTU.180","k__Fungi","p__Ascomycota","c__Dothideomycetes","o__Capnodiales","f__Teratosphaeriaceae","g__Bryochiton","s__monascus"
"OTU.181","k__Fungi",NA,NA,NA,NA,NA,NA
"OTU.183","k__Fungi","p__Basidiomycota","c__Tremellomycetes","o__Tremellales","f__Bulleraceae","g__Genolevuria","s__amylolytica"
"OTU.184","k__Fungi","p__Ascomycota","c__Sordariomycetes","o__Microascales","f__Halosphaeriaceae","g__Clavatospora","s__longibrachiata"
"OTU.185","k__Fungi",NA,NA,NA,NA,NA,NA
"OTU.186","k__Fungi","p__Ascomycota","c__Dothideomycetes","o__Venturiales","f__Sympoventuriaceae",NA,NA
"OTU.188","k__Fungi","p__Ascomycota","c__Dothideomycetes","o__Pleosporales","f__Pleosporaceae","g__Alternaria","s__alternata"
"OTU.189","k__Fungi","p__Basidiomycota","c__Exobasidiomycetes","o__Entylomatales","f__Entylomatales_fam_Incertae_sedis","g__Tilletiopsis","s__washingtonensis"
"OTU.190","k__Fungi","p__Ascomycota","c__Pezizomycetes","o__Pezizales","f__Ascobolaceae","g__Ascobolus",NA
"OTU.192","k__Fungi","p__Ascomycota","c__Dothideomycetes","o__Pleosporales",NA,NA,NA
"OTU.193","k__Fungi","p__Basidiomycota","c__Tremellomycetes","o__Cystofilobasidiales",NA,NA,NA
"OTU.194","k__Fungi","p__Ascomycota","c__Leotiomycetes","o__Helotiales","f__Helotiaceae","g__Hymenoscyphus","s__kathiae"
"OTU.195","k__Fungi","p__Ascomycota","c__Dothideomycetes","o__Pleosporales","f__Phaeosphaeriaceae","g__Phaeosphaeria","s__triglochinicola"
"OTU.198","k__Fungi","p__Basidiomycota","c__Agaricomycetes","o__Agaricales","f__Strophariaceae","g__Deconica","s__citrispora"
"OTU.200","k__Fungi","p__Basidiomycota","c__Tremellomycetes","o__Filobasidiales","f__Filobasidiaceae","g__Naganishia","s__diffluens"
"OTU.202","k__Fungi","p__Ascomycota","c__Leotiomycetes","o__Helotiales","f__Helotiaceae","g__Tetracladium",NA
"OTU.203","k__Fungi","p__Ascomycota","c__Dothideomycetes","o__Pleosporales","f__Phaeosphaeriaceae","g__Chaetosphaeronema",NA
"OTU.204","k__Fungi","p__Ascomycota","c__Dothideomycetes","o__Pleosporales","f__Melanommataceae",NA,NA
"OTU.205","k__Fungi",NA,NA,NA,NA,NA,NA
"OTU.206","k__Fungi","p__Ascomycota","c__Leotiomycetes","o__Helotiales","f__Helotiaceae","g__Tetracladium",NA
"OTU.207","k__Fungi","p__Ascomycota","c__Dothideomycetes","o__Pleosporales","f__Sporormiaceae",NA,NA
"OTU.208","k__Fungi","p__Basidiomycota",NA,NA,NA,NA,NA
"OTU.209","k__Fungi",NA,NA,NA,NA,NA,NA
"OTU.210","k__Fungi","p__Ascomycota","c__Eurotiomycetes","o__Chaetothyriales","f__Herpotrichiellaceae","g__Exophiala","s__eucalyptorum"
"OTU.211","k__Fungi","p__Basidiomycota","c__Tremellomycetes","o__Tremellales","f__Bulleribasidiaceae","g__Dioszegia","s__hungarica"
"OTU.212","k__Fungi","p__Ascomycota","c__Dothideomycetes","o__Pleosporales","f__Pleosporaceae","g__Alternaria","s__eureka"
"OTU.213","k__Fungi","p__Basidiomycota",NA,NA,NA,NA,NA
"OTU.214","k__Fungi","p__Basidiomycota","c__Tremellomycetes","o__Cystofilobasidiales","f__Mrakiaceae","g__Itersonilia","s__pannonica"
"OTU.215","k__Fungi",NA,NA,NA,NA,NA,NA
"OTU.216","k__Fungi",NA,NA,NA,NA,NA,NA
"OTU.218","k__Fungi","p__Ascomycota","c__Dothideomycetes","o__Pleosporales","f__Sporormiaceae",NA,NA
"OTU.219","k__Fungi","p__Ascomycota","c__Dothideomycetes","o__Dothideales","f__Aureobasidiaceae","g__Aureobasidium","s__pullulans"
"OTU.221","k__Fungi","p__Basidiomycota","c__Cystobasidiomycetes","o__Cystobasidiomycetes_ord_Incertae_sedis","f__Symmetrosporaceae","g__Symmetrospora","s__gracilis"
"OTU.222","k__Fungi","p__Ascomycota","c__Dothideomycetes","o__Pleosporales","f__Pleosporales_fam_Incertae_sedis","g__Pleiochaeta","s__setosa"
"OTU.224","k__Fungi","p__Ascomycota","c__Leotiomycetes","o__Helotiales","f__Leotiaceae","g__Alatospora","s__pulchella"
"OTU.226","k__Fungi","p__Ascomycota","c__Leotiomycetes","o__Helotiales","f__Helotiaceae","g__Glarea","s__lozoyensis"
"OTU.227","k__Fungi","p__Ascomycota","c__Leotiomycetes","o__Helotiales","f__Helotiaceae","g__Tetracladium","s__marchalianum"
"OTU.228","k__Fungi","p__Ascomycota","c__Dothideomycetes","o__Pleosporales","f__Didymosphaeriaceae",NA,NA
"OTU.230","k__Fungi","p__Basidiomycota","c__Microbotryomycetes","o__Sporidiobolales",NA,NA,NA
"OTU.231","k__Fungi","p__Ascomycota","c__Leotiomycetes","o__Helotiales","f__Helotiaceae","g__Crocicreas",NA
"OTU.232","k__Fungi","p__Ascomycota","c__Leotiomycetes","o__Helotiales","f__Sclerotiniaceae","g__Botrytis","s__caroliniana"
"OTU.234","k__Fungi","p__Basidiomycota","c__Tremellomycetes","o__Filobasidiales","f__Filobasidiaceae","g__Filobasidium","s__magnum"
"OTU.235","k__Fungi","p__Ascomycota","c__Dothideomycetes","o__Venturiales","f__Venturiaceae","g__Venturia",NA
"OTU.236","k__Fungi","p__Ascomycota","c__Leotiomycetes","o__Helotiales","f__Helotiaceae","g__Glarea","s__lozoyensis"
"OTU.237","k__Fungi","p__Ascomycota","c__Dothideomycetes","o__Pleosporales","f__Sporormiaceae","g__Sporormiella","s__megalospora"
"OTU.238","k__Fungi","p__Ascomycota","c__Dothideomycetes","o__Myriangiales","f__Myriangiales_fam_Incertae_sedis","g__Phaeosclera","s__dematioides"
"OTU.239","k__Fungi","p__Ascomycota","c__Sordariomycetes","o__Microascales","f__Halosphaeriaceae","g__Clavatospora","s__longibrachiata"
"OTU.240","k__Fungi","p__Ascomycota","c__Dothideomycetes",NA,NA,NA,NA
"OTU.241","k__Fungi","p__Ascomycota","c__Dothideomycetes","o__Pleosporales","f__Massarinaceae","g__Stagonospora","s__pseudovitensis"
"OTU.242","k__Fungi","p__Basidiomycota","c__Agaricostilbomycetes","o__Agaricostilbales","f__Kondoaceae","g__Kondoa","s__yuccicola"
"OTU.243","k__Fungi","p__Basidiomycota",NA,NA,NA,NA,NA
"OTU.244","k__Fungi","p__Ascomycota","c__Sordariomycetes","o__Glomerellales","f__Plectosphaerellaceae","g__Lectera","s__longa"
"OTU.245","k__Fungi",NA,NA,NA,NA,NA,NA
"OTU.247","k__Fungi",NA,NA,NA,NA,NA,NA
"OTU.248","k__Fungi","p__Basidiomycota",NA,NA,NA,NA,NA
"OTU.249","k__Fungi","p__Ascomycota","c__Leotiomycetes","o__Helotiales","f__Helotiaceae","g__Tetracladium",NA
"OTU.250","k__Fungi",NA,NA,NA,NA,NA,NA
"OTU.254","k__Fungi",NA,NA,NA,NA,NA,NA
"OTU.255","k__Fungi","p__Ascomycota","c__Dothideomycetes","o__Pleosporales","f__Phaeosphaeriaceae",NA,NA
"OTU.256","k__Fungi","p__Ascomycota","c__Sordariomycetes","o__Microascales","f__Halosphaeriaceae","g__Clavatospora","s__longibrachiata"
"OTU.257","k__Fungi","p__Ascomycota","c__Dothideomycetes","o__Pleosporales","f__Cucurbitariaceae","g__Pyrenochaeta",NA
"OTU.258","k__Fungi","p__Ascomycota","c__Leotiomycetes","o__Rhytismatales","f__Rhytismataceae","g__Rhytisma","s__polare"
"OTU.259","k__Fungi","p__Basidiomycota","c__Agaricomycetes","o__Agaricales","f__Strophariaceae","g__Hypholoma","s__fasciculare"
"OTU.260","k__Fungi","p__Basidiomycota","c__Microbotryomycetes","o__Sporidiobolales","f__Sporidiobolaceae","g__Sporobolomyces","s__ruberrimus"
"OTU.261","k__Fungi","p__Ascomycota","c__Dothideomycetes","o__Pleosporales","f__Pleosporaceae","g__Alternaria","s__rosae"
"OTU.262","k__Fungi","p__Ascomycota","c__Taphrinomycetes","o__Taphrinales","f__Taphrinaceae","g__Taphrina","s__epiphylla"
"OTU.263","k__Fungi","p__Ascomycota","c__Dothideomycetes","o__Pleosporales","f__Massarinaceae","g__Stagonospora","s__pseudovitensis"
"OTU.264","k__Fungi","p__Basidiomycota","c__Tremellomycetes","o__Tremellales","f__Bulleraceae","g__Bullera","s__crocea"
"OTU.265","k__Fungi","p__Ascomycota","c__Dothideomycetes","o__Dothideales","f__Dothideaceae","g__Endoconidioma","s__populi"
"OTU.267","k__Fungi","p__Ascomycota","c__Saccharomycetes","o__Saccharomycetales","f__Pichiaceae","g__Ogataea","s__cecidiorum"
"OTU.268","k__Fungi","p__Basidiomycota","c__Agaricostilbomycetes","o__Agaricostilbales","f__Kondoaceae","g__Kondoa",NA
"OTU.269","k__Fungi","p__Ascomycota","c__Dothideomycetes","o__Pleosporales","f__Phaeosphaeriaceae","g__Phaeosphaeria","s__caricis"
"OTU.270","k__Fungi","p__Basidiomycota","c__Agaricomycetes","o__Russulales","f__Peniophoraceae","g__Peniophora","s__aurantiaca"
"OTU.271","k__Fungi","p__Basidiomycota","c__Pucciniomycetes","o__Pucciniales","f__Melampsoraceae","g__Melampsora",NA
"OTU.275","k__Fungi","p__Ascomycota",NA,NA,NA,NA,NA
"OTU.276","k__Fungi","p__Basidiomycota",NA,NA,NA,NA,NA
"OTU.277","k__Fungi","p__Ascomycota","c__Dothideomycetes","o__Pleosporales","f__Pleosporaceae","g__Drechslera","s__poae"
"OTU.279","k__Fungi","p__Basidiomycota","c__Tremellomycetes","o__Tremellales",NA,NA,NA
"OTU.280","k__Fungi","p__Basidiomycota","c__Agaricomycetes","o__Agaricales","f__Cortinariaceae","g__Cortinarius","s__decipiens"
"OTU.282","k__Fungi","p__Basidiomycota",NA,NA,NA,NA,NA
"OTU.283","k__Fungi","p__Basidiomycota",NA,NA,NA,NA,NA
"OTU.284","k__Fungi","p__Basidiomycota",NA,NA,NA,NA,NA
"OTU.285","k__Fungi",NA,NA,NA,NA,NA,NA
"OTU.286","k__Fungi","p__Ascomycota","c__Dothideomycetes","o__Pleosporales","f__Phaeosphaeriaceae","g__Pseudoophiobolus","s__subhyalinisporus"
"OTU.289","k__Fungi","p__Ascomycota","c__Dothideomycetes","o__Capnodiales","f__Mycosphaerellaceae",NA,NA
"OTU.291","k__Fungi",NA,NA,NA,NA,NA,NA
"OTU.292","k__Fungi","p__Basidiomycota","c__Tremellomycetes","o__Cystofilobasidiales","f__Cystofilobasidiales_fam_Incertae_sedis","g__Mrakiella","s__aquatica"
"OTU.293","k__Fungi","p__Ascomycota","c__Dothideomycetes","o__Capnodiales","f__Capnodiales_fam_Incertae_sedis","g__Microcyclospora","s__tardicrescens"
"OTU.295","k__Fungi","p__Ascomycota","c__Sordariomycetes","o__Xylariales",NA,NA,NA
"OTU.296","k__Fungi","p__Ascomycota","c__Eurotiomycetes","o__Chaetothyriales","f__Herpotrichiellaceae","g__Exophiala","s__eucalyptorum"
"OTU.297","k__Fungi","p__Basidiomycota",NA,NA,NA,NA,NA
"OTU.298","k__Fungi","p__Ascomycota","c__Sordariomycetes","o__Xylariales","f__Amphisphaeriaceae","g__Polyscytalum","s__eucalyptigenum"
"OTU.299","k__Fungi",NA,NA,NA,NA,NA,NA
"OTU.300","k__Fungi","p__Ascomycota","c__Dothideomycetes","o__Capnodiales","f__Teratosphaeriaceae","g__Elasticomyces","s__elasticus"
"OTU.301","k__Fungi","p__Ascomycota","c__Sordariomycetes","o__Microascales","f__Halosphaeriaceae","g__Clavatospora","s__longibrachiata"
"OTU.302","k__Fungi","p__Ascomycota","c__Dothideomycetes","o__Pleosporales",NA,NA,NA
"OTU.304","k__Fungi","p__Ascomycota","c__Leotiomycetes","o__Helotiales","f__Helotiaceae","g__Crocicreas","s__cyathoideum"
"OTU.305","k__Fungi","p__Basidiomycota","c__Tremellomycetes","o__Tremellales","f__Bulleribasidiaceae","g__Dioszegia","s__hungarica"
"OTU.306","k__Fungi","p__Basidiomycota",NA,NA,NA,NA,NA
"OTU.308","k__Fungi","p__Basidiomycota","c__Tremellomycetes","o__Filobasidiales","f__Filobasidiaceae","g__Naganishia","s__adeliensis"
"OTU.309","k__Fungi","p__Ascomycota","c__Dothideomycetes","o__Venturiales",NA,NA,NA
"OTU.310","k__Fungi","p__Ascomycota","c__Dothideomycetes","o__Pleosporales","f__Pleosporaceae","g__Stemphylium","s__vesicarium"
"OTU.311","k__Fungi","p__Basidiomycota","c__Microbotryomycetes","o__Sporidiobolales",NA,NA,NA
"OTU.312","k__Fungi","p__Basidiomycota",NA,NA,NA,NA,NA
"OTU.314","k__Fungi",NA,NA,NA,NA,NA,NA
"OTU.316","k__Fungi","p__Ascomycota","c__Dothideomycetes","o__Venturiales",NA,NA,NA
"OTU.317","k__Fungi","p__Ascomycota","c__Dothideomycetes","o__Capnodiales","f__Teratosphaeriaceae","g__Oleoguttula","s__mirabilis"
"OTU.318","k__Fungi","p__Ascomycota","c__Dothideomycetes","o__Pleosporales","f__Amniculicolaceae","g__Murispora","s__hawksworthii"
"OTU.319","k__Fungi","p__Chytridiomycota","c__Rhizophydiomycetes","o__Rhizophydiales","f__Rhizophydiales_fam_Incertae_sedis","g__Coralloidiomyces","s__digitatus"
"OTU.320","k__Fungi",NA,NA,NA,NA,NA,NA
"OTU.321","k__Fungi","p__Ascomycota","c__Dothideomycetes","o__Capnodiales","f__Cladosporiaceae","g__Rachicladosporium",NA
"OTU.323","k__Fungi","p__Ascomycota","c__Dothideomycetes","o__Pleosporales","f__Pleomassariaceae",NA,NA
"OTU.324","k__Fungi",NA,NA,NA,NA,NA,NA
"OTU.325","k__Fungi","p__Basidiomycota",NA,NA,NA,NA,NA
"OTU.326","k__Fungi","p__Ascomycota","c__Leotiomycetes","o__Helotiales","f__Dermateaceae","g__Marssonina",NA
"OTU.327","k__Fungi",NA,NA,NA,NA,NA,NA
"OTU.328","k__Fungi",NA,NA,NA,NA,NA,NA
"OTU.329","k__Fungi","p__Ascomycota","c__Dothideomycetes","o__Pleosporales","f__Torulaceae","g__Torula",NA
"OTU.330","k__Fungi","p__Ascomycota","c__Leotiomycetes","o__Helotiales","f__Sclerotiniaceae","g__Monilinia",NA
"OTU.331","k__Fungi","p__Ascomycota","c__Leotiomycetes","o__Helotiales","f__Helotiaceae","g__Helicodendron","s__triglitziense"
"OTU.332","k__Fungi",NA,NA,NA,NA,NA,NA
"OTU.335","k__Fungi","p__Ascomycota","c__Eurotiomycetes","o__Chaetothyriales","f__Trichomeriaceae","g__Knufia","s__cryptophialidica"
"OTU.336","k__Fungi","p__Ascomycota","c__Dothideomycetes","o__Venturiales","f__Venturiaceae","g__Venturia",NA
"OTU.337","k__Fungi","p__Ascomycota","c__Dothideomycetes","o__Capnodiales","f__Cladosporiaceae",NA,NA
"OTU.338","k__Fungi","p__Basidiomycota","c__Tremellomycetes","o__Tremellales","f__Bulleraceae","g__Genolevuria",NA
"OTU.340","k__Fungi","p__Ascomycota",NA,NA,NA,NA,NA
"OTU.341","k__Fungi",NA,NA,NA,NA,NA,NA
"OTU.343","k__Fungi","p__Ascomycota","c__Dothideomycetes","o__Dothideales","f__Aureobasidiaceae","g__Aureobasidium","s__pullulans"
"OTU.344","k__Fungi",NA,NA,NA,NA,NA,NA
"OTU.345","k__Fungi","p__Ascomycota","c__Dothideomycetes","o__Capnodiales",NA,NA,NA
"OTU.346","k__Fungi","p__Basidiomycota",NA,NA,NA,NA,NA
"OTU.349","k__Fungi",NA,NA,NA,NA,NA,NA
"OTU.350","k__Fungi","p__Basidiomycota","c__Tremellomycetes","o__Tremellales","f__Bulleribasidiaceae","g__Vishniacozyma","s__victoriae"
"OTU.351","k__Fungi","p__Ascomycota","c__Dothideomycetes",NA,NA,NA,NA
"OTU.352","k__Fungi","p__Ascomycota","c__Pezizomycetes","o__Pezizales","f__Pyronemataceae",NA,NA
"OTU.353","k__Fungi",NA,NA,NA,NA,NA,NA
"OTU.354","k__Fungi","p__Ascomycota","c__Leotiomycetes","o__Helotiales","f__Helotiales_fam_Incertae_sedis","g__Spirosphaera","s__cupreorufescens"
"OTU.355","k__Fungi","p__Basidiomycota","c__Exobasidiomycetes","o__Tilletiales","f__Tilletiaceae","g__Tilletia","s__puccinelliae"
"OTU.356","k__Fungi","p__Ascomycota","c__Dothideomycetes","o__Pleosporales","f__Pleosporaceae","g__Drechslera","s__poae"
"OTU.357","k__Fungi","p__Ascomycota","c__Taphrinomycetes","o__Taphrinales","f__Taphrinaceae","g__Taphrina","s__padi"
"OTU.358","k__Fungi",NA,NA,NA,NA,NA,NA
"OTU.359","k__Fungi","p__Ascomycota","c__Arthoniomycetes","o__Lichenostigmatales","f__Phaeococcomycetaceae","g__Phaeococcomyces","s__eucalypti"
"OTU.360","k__Fungi","p__Ascomycota","c__Dothideomycetes","o__Pleosporales","f__Didymellaceae","g__Didymella",NA
"OTU.362","k__Fungi","p__Basidiomycota","c__Microbotryomycetes","o__Microbotryomycetes_ord_Incertae_sedis","f__Microbotryomycetes_fam_Incertae_sedis","g__Curvibasidium","s__cygneicollum"
"OTU.363","k__Fungi","p__Basidiomycota","c__Agaricomycetes","o__Russulales","f__Bondarzewiaceae","g__Heterobasidion","s__occidentale"
"OTU.364","k__Fungi",NA,NA,NA,NA,NA,NA
"OTU.365","k__Fungi","p__Ascomycota","c__Dothideomycetes","o__Venturiales","f__Sympoventuriaceae","g__Ochroconis",NA
"OTU.366","k__Fungi","p__Ascomycota","c__Saccharomycetes","o__Saccharomycetales","f__Saccharomycetaceae","g__Lachancea","s__kluyveri"
"OTU.367","k__Fungi",NA,NA,NA,NA,NA,NA
"OTU.368","k__Fungi",NA,NA,NA,NA,NA,NA
"OTU.369","k__Fungi","p__Ascomycota","c__Dothideomycetes","o__Pleosporales","f__Sporormiaceae","g__Preussia","s__dubia"
"OTU.370","k__Fungi","p__Basidiomycota","c__Tremellomycetes","o__Tremellales",NA,NA,NA
"OTU.371","k__Fungi","p__Ascomycota",NA,NA,NA,NA,NA
"OTU.372","k__Fungi","p__Ascomycota","c__Eurotiomycetes","o__Chaetothyriales","f__Herpotrichiellaceae","g__Exophiala","s__eucalyptorum"
"OTU.373","k__Fungi","p__Ascomycota","c__Dothideomycetes","o__Capnodiales","f__Mycosphaerellaceae","g__Ramularia","s__pratensis"
"OTU.374","k__Fungi","p__Ascomycota","c__Dothideomycetes","o__Pleosporales","f__Phaeosphaeriaceae","g__Juncaceicola",NA
"OTU.375","k__Fungi","p__Basidiomycota","c__Agaricomycetes","o__Gomphales","f__Lentariaceae","g__Lentaria","s__soluta"
"OTU.376","k__Fungi","p__Ascomycota","c__Dothideomycetes","o__Venturiales",NA,NA,NA
"OTU.377","k__Fungi",NA,NA,NA,NA,NA,NA
"OTU.378","k__Fungi",NA,NA,NA,NA,NA,NA
"OTU.381","k__Fungi","p__Ascomycota","c__Dothideomycetes","o__Venturiales",NA,NA,NA
"OTU.382","k__Fungi","p__Ascomycota","c__Dothideomycetes","o__Pleosporales","f__Leptosphaeriaceae","g__Leptosphaeria","s__sydowii"
"OTU.383","k__Fungi","p__Ascomycota","c__Dothideomycetes","o__Pleosporales","f__Pleosporaceae","g__Comoclathris","s__spartii"
"OTU.384","k__Fungi","p__Ascomycota","c__Leotiomycetes","o__Thelebolales","f__Pseudeurotiaceae",NA,NA
"OTU.385","k__Fungi",NA,NA,NA,NA,NA,NA
"OTU.386","k__Fungi",NA,NA,NA,NA,NA,NA
"OTU.387","k__Fungi","p__Ascomycota","c__Dothideomycetes","o__Pleosporales",NA,NA,NA
"OTU.388","k__Fungi","p__Ascomycota","c__Dothideomycetes","o__Pleosporales","f__Phaeosphaeriaceae","g__Juncaceicola",NA
"OTU.390","k__Fungi","p__Ascomycota","c__Dothideomycetes","o__Pleosporales",NA,NA,NA
"OTU.391","k__Fungi",NA,NA,NA,NA,NA,NA
"OTU.393","k__Fungi","p__Basidiomycota","c__Tremellomycetes","o__Filobasidiales","f__Filobasidiaceae","g__Naganishia","s__antarctica"
"OTU.394","k__Fungi","p__Ascomycota","c__Dothideomycetes","o__Venturiales","f__Sympoventuriaceae",NA,NA
"OTU.395","k__Fungi",NA,NA,NA,NA,NA,NA
"OTU.396","k__Fungi",NA,NA,NA,NA,NA,NA
"OTU.397","k__Fungi","p__Ascomycota","c__Dothideomycetes","o__Venturiales",NA,NA,NA
"OTU.398","k__Fungi","p__Ascomycota","c__Dothideomycetes","o__Pleosporales","f__Leptosphaeriaceae",NA,NA
"OTU.399","k__Fungi","p__Ascomycota","c__Orbiliomycetes","o__Orbiliales","f__Orbiliaceae","g__Dactylellina","s__arcuata"
"OTU.400","k__Fungi","p__Ascomycota","c__Dothideomycetes","o__Pleosporales","f__Didymellaceae",NA,NA
"OTU.401","k__Fungi",NA,NA,NA,NA,NA,NA
"OTU.402","k__Fungi","p__Ascomycota","c__Dothideomycetes","o__Pleosporales","f__Lindgomycetaceae","g__Clohesyomyces","s__aquaticus"
"OTU.403","k__Fungi","p__Ascomycota","c__Dothideomycetes","o__Pleosporales","f__Pleosporaceae",NA,NA
"OTU.405","k__Fungi","p__Basidiomycota",NA,NA,NA,NA,NA
"OTU.406","k__Fungi","p__Ascomycota","c__Dothideomycetes","o__Pleosporales","f__Sporormiaceae",NA,NA
"OTU.407","k__Fungi","p__Ascomycota","c__Dothideomycetes","o__Pleosporales","f__Coniothyriaceae","g__Coniothyrium",NA
"OTU.408","k__Fungi",NA,NA,NA,NA,NA,NA
"OTU.409","k__Fungi","p__Basidiomycota",NA,NA,NA,NA,NA
"OTU.410","k__Fungi","p__Ascomycota","c__Leotiomycetes","o__Helotiales","f__Helotiaceae","g__Tetracladium",NA
"OTU.411","k__Fungi","p__Basidiomycota",NA,NA,NA,NA,NA
"OTU.412","k__Fungi","p__Basidiomycota","c__Tremellomycetes","o__Filobasidiales","f__Filobasidiaceae","g__Heterocephalacria","s__arrabidensis"
"OTU.413","k__Fungi","p__Basidiomycota",NA,NA,NA,NA,NA
"OTU.415","k__Fungi","p__Ascomycota","c__Pezizomycetes","o__Pezizales","f__Pyronemataceae","g__Geopyxis","s__alpina"
"OTU.416","k__Fungi","p__Basidiomycota","c__Microbotryomycetes","o__Sporidiobolales","f__Sporidiobolaceae","g__Sporobolomyces","s__roseus"
"OTU.417","k__Fungi","p__Ascomycota","c__Leotiomycetes","o__Helotiales","f__Helotiaceae","g__Crocicreas","s__cyathoideum"
"OTU.418","k__Fungi","p__Basidiomycota",NA,NA,NA,NA,NA
"OTU.421","k__Fungi",NA,NA,NA,NA,NA,NA
"OTU.422","k__Fungi","p__Basidiomycota","c__Agaricomycetes","o__Thelephorales","f__Thelephoraceae","g__Thelephora","s__atra"
"OTU.423","k__Fungi","p__Ascomycota","c__Dothideomycetes","o__Venturiales",NA,NA,NA
"OTU.425","k__Fungi","p__Basidiomycota",NA,NA,NA,NA,NA
"OTU.426","k__Fungi","p__Ascomycota","c__Pezizomycetes","o__Pezizales",NA,NA,NA
"OTU.427","k__Fungi","p__Ascomycota","c__Dothideomycetes","o__Pleosporales","f__Amniculicolaceae","g__Murispora","s__galii"
"OTU.429","k__Fungi","p__Ascomycota","c__Leotiomycetes","o__Helotiales","f__Helotiaceae","g__Cyathicula","s__culmicola"
"OTU.430","k__Fungi","p__Ascomycota","c__Sordariomycetes","o__Xylariales",NA,NA,NA
"OTU.433","k__Fungi",NA,NA,NA,NA,NA,NA
"OTU.434","k__Fungi","p__Ascomycota","c__Leotiomycetes","o__Helotiales","f__Helotiaceae","g__Dendrospora","s__tenella"
"OTU.436","k__Fungi","p__Chytridiomycota","c__Spizellomycetes","o__Spizellomycetales","f__Powellomycetaceae","g__Powellomyces",NA
"OTU.438","k__Fungi","p__Basidiomycota","c__Tremellomycetes","o__Tremellales","f__Bulleribasidiaceae","g__Dioszegia","s__hungarica"
"OTU.439","k__Fungi","p__Ascomycota","c__Dothideomycetes","o__Venturiales","f__Sympoventuriaceae","g__Ochroconis",NA
"OTU.440","k__Fungi","p__Ascomycota","c__Taphrinomycetes","o__Taphrinales","f__Taphrinaceae","g__Taphrina",NA
"OTU.441","k__Fungi",NA,NA,NA,NA,NA,NA
"OTU.442","k__Fungi","p__Basidiomycota","c__Tremellomycetes","o__Holtermanniales","f__Holtermanniales_fam_Incertae_sedis","g__Holtermanniella","s__takashimae"
"OTU.443","k__Fungi",NA,NA,NA,NA,NA,NA
"OTU.444","k__Fungi","p__Basidiomycota",NA,NA,NA,NA,NA
"OTU.448","k__Fungi","p__Ascomycota","c__Dothideomycetes","o__Pleosporales","f__Leptosphaeriaceae","g__Plenodomus","s__biglobosus"
"OTU.449","k__Fungi",NA,NA,NA,NA,NA,NA
"OTU.450","k__Fungi","p__Ascomycota","c__Dothideomycetes","o__Dothideales","f__Dothioraceae","g__Hormonema","s__macrosporum"
"OTU.451","k__Fungi",NA,NA,NA,NA,NA,NA
"OTU.452","k__Fungi",NA,NA,NA,NA,NA,NA
"OTU.453","k__Fungi","p__Ascomycota",NA,NA,NA,NA,NA
"OTU.454","k__Fungi","p__Ascomycota","c__Dothideomycetes","o__Pleosporales","f__Lindgomycetaceae","g__Clohesyomyces","s__aquaticus"
"OTU.455","k__Fungi",NA,NA,NA,NA,NA,NA
"OTU.456","k__Fungi","p__Ascomycota","c__Dothideomycetes","o__Pleosporales","f__Didymellaceae",NA,NA
"OTU.457","k__Fungi","p__Ascomycota","c__Leotiomycetes","o__Helotiales","f__Helotiaceae","g__Tetracladium",NA
"OTU.458","k__Fungi","p__Basidiomycota",NA,NA,NA,NA,NA
"OTU.460","k__Fungi","p__Ascomycota","c__Dothideomycetes","o__Dothideales","f__Aureobasidiaceae","g__Aureobasidium","s__pullulans"
"OTU.461","k__Fungi","p__Basidiomycota","c__Cystobasidiomycetes","o__Naohideales","f__Naohideaceae","g__Naohidea","s__sebacea"
"OTU.463","k__Fungi","p__Ascomycota","c__Dothideomycetes","o__Pleosporales","f__Didymosphaeriaceae","g__Paraconiothyrium",NA
"OTU.464","k__Fungi","p__Ascomycota","c__Leotiomycetes","o__Helotiales","f__Helotiaceae","g__Filosporella","s__annelidica"
"OTU.465","k__Fungi","p__Ascomycota","c__Sordariomycetes","o__Xylariales","f__Hyponectriaceae",NA,NA
"OTU.466","k__Fungi",NA,NA,NA,NA,NA,NA
"OTU.467","k__Fungi","p__Ascomycota","c__Dothideomycetes","o__Myriangiales","f__Elsinoaceae",NA,NA
"OTU.468","k__Fungi","p__Basidiomycota",NA,NA,NA,NA,NA
"OTU.469","k__Fungi","p__Basidiomycota","c__Microbotryomycetes","o__Sporidiobolales","f__Sporidiobolaceae","g__Rhodotorula","s__subericola"
"OTU.470","k__Fungi",NA,NA,NA,NA,NA,NA
"OTU.471","k__Fungi","p__Ascomycota","c__Dothideomycetes","o__Pleosporales","f__Phaeosphaeriaceae",NA,NA
"OTU.472","k__Fungi","p__Ascomycota","c__Dothideomycetes","o__Dothideales","f__Dothioraceae","g__Hormonema","s__macrosporum"
"OTU.473","k__Fungi","p__Basidiomycota","c__Microbotryomycetes","o__Microbotryomycetes_ord_Incertae_sedis","f__Microbotryomycetes_fam_Incertae_sedis","g__Curvibasidium","s__cygneicollum"
"OTU.474","k__Fungi","p__Basidiomycota","c__Agaricomycetes","o__Boletales","f__Melanogastraceae","g__Alpova",NA
"OTU.475","k__Fungi","p__Ascomycota","c__Dothideomycetes","o__Pleosporales","f__Phaeosphaeriaceae","g__Phaeosphaeria","s__caricis"
"OTU.477","k__Fungi","p__Basidiomycota",NA,NA,NA,NA,NA
"OTU.478","k__Fungi","p__Ascomycota","c__Leotiomycetes","o__Helotiales","f__Helotiaceae","g__Anguillospora","s__longissima"
"OTU.479","k__Fungi",NA,NA,NA,NA,NA,NA
"OTU.480","k__Fungi","p__Basidiomycota","c__Tremellomycetes","o__Tremellales","f__Phaeotremellaceae","g__Gelidatrema","s__spencermartinsiae"
"OTU.481","k__Fungi","p__Ascomycota","c__Sordariomycetes","o__Xylariales","f__Amphisphaeriaceae",NA,NA
"OTU.482","k__Fungi","p__Ascomycota","c__Eurotiomycetes","o__Phaeomoniellales","f__Phaeomoniellaceae",NA,NA
"OTU.483","k__Fungi","p__Ascomycota","c__Dothideomycetes","o__Capnodiales","f__Mycosphaerellaceae","g__Ramularia","s__hydrangeae-macrophyllae"
"OTU.484","k__Fungi","p__Ascomycota","c__Leotiomycetes","o__Helotiales","f__Helotiaceae",NA,NA
"OTU.487","k__Fungi","p__Ascomycota","c__Dothideomycetes","o__Dothideales","f__Aureobasidiaceae","g__Aureobasidium","s__subglaciale"
"OTU.489","k__Fungi","p__Basidiomycota","c__Agaricomycetes","o__Thelephorales","f__Thelephoraceae",NA,NA
"OTU.490","k__Fungi","p__Chytridiomycota","c__Rhizophydiomycetes","o__Rhizophydiales","f__Halomycetaceae","g__Paranamyces","s__uniporus"
"OTU.491","k__Fungi","p__Basidiomycota","c__Agaricomycetes","o__Russulales","f__Stereaceae","g__Aleurodiscus","s__amorphus"
"OTU.493","k__Fungi","p__Basidiomycota",NA,NA,NA,NA,NA
"OTU.494","k__Fungi",NA,NA,NA,NA,NA,NA
"OTU.495","k__Fungi","p__Basidiomycota","c__Tremellomycetes","o__Tremellales","f__Rhynchogastremataceae","g__Papiliotrema","s__frias"
"OTU.496","k__Fungi","p__Ascomycota","c__Dothideomycetes","o__Capnodiales","f__Teratosphaeriaceae",NA,NA
"OTU.499","k__Fungi","p__Ascomycota","c__Dothideomycetes","o__Capnodiales","f__Dissoconiaceae","g__Dissoconium","s__eucalypti"
"OTU.500","k__Fungi","p__Basidiomycota","c__Agaricomycetes","o__Agaricales","f__Strophariaceae","g__Hypholoma","s__capnoides"
"OTU.501","k__Fungi","p__Ascomycota","c__Dothideomycetes","o__Pleosporales","f__Phaeosphaeriaceae","g__Juncaceicola",NA
"OTU.503","k__Fungi","p__Ascomycota","c__Leotiomycetes","o__Helotiales","f__Sclerotiniaceae",NA,NA
"OTU.504","k__Fungi","p__Basidiomycota",NA,NA,NA,NA,NA
"OTU.505","k__Fungi","p__Ascomycota",NA,NA,NA,NA,NA
"OTU.507","k__Fungi","p__Ascomycota","c__Dothideomycetes","o__Dothideales","f__Aureobasidiaceae","g__Aureobasidium","s__subglaciale"
"OTU.508","k__Fungi","p__Ascomycota","c__Leotiomycetes","o__Helotiales","f__Helotiaceae","g__Tetracladium",NA
"OTU.509","k__Fungi","p__Basidiomycota",NA,NA,NA,NA,NA
"OTU.511","k__Fungi","p__Ascomycota","c__Dothideomycetes","o__Venturiales","f__Sympoventuriaceae",NA,NA
"OTU.512","k__Fungi","p__Basidiomycota","c__Agaricomycetes",NA,NA,NA,NA
"OTU.514","k__Fungi","p__Ascomycota",NA,NA,NA,NA,NA
"OTU.515","k__Fungi","p__Basidiomycota","c__Microbotryomycetes","o__Sporidiobolales",NA,NA,NA
"OTU.516","k__Fungi","p__Ascomycota","c__Sordariomycetes","o__Xylariales","f__Hyponectriaceae",NA,NA
"OTU.517","k__Fungi","p__Ascomycota","c__Dothideomycetes","o__Capnodiales","f__Teratosphaeriaceae","g__Lapidomyces",NA
"OTU.518","k__Fungi","p__Ascomycota","c__Eurotiomycetes","o__Chaetothyriales","f__Chaetothyriales_fam_Incertae_sedis","g__Sarcinomyces","s__crustaceus"
"OTU.519","k__Fungi","p__Ascomycota","c__Dothideomycetes","o__Dothideales","f__Aureobasidiaceae","g__Aureobasidium","s__subglaciale"
"OTU.520","k__Fungi","p__Basidiomycota","c__Pucciniomycetes","o__Pucciniales","f__Melampsoraceae","g__Melampsora","s__epitea"
"OTU.521","k__Fungi","p__Ascomycota","c__Dothideomycetes","o__Mytilinidiales","f__Mytilinidiaceae","g__Lophium","s__mytilinum"
"OTU.522","k__Fungi","p__Ascomycota","c__Dothideomycetes","o__Venturiales","f__Sympoventuriaceae","g__Ochroconis",NA
"OTU.523","k__Fungi","p__Ascomycota","c__Dothideomycetes","o__Dothideales","f__Aureobasidiaceae","g__Aureobasidium","s__thailandense"
"OTU.524","k__Fungi","p__Ascomycota","c__Sordariomycetes","o__Xylariales",NA,NA,NA
"OTU.525","k__Fungi",NA,NA,NA,NA,NA,NA
"OTU.526","k__Fungi","p__Basidiomycota","c__Agaricomycetes","o__Agaricales","f__Inocybaceae","g__Mallocybe",NA
"OTU.527","k__Fungi",NA,NA,NA,NA,NA,NA
"OTU.529","k__Fungi","p__Basidiomycota","c__Tremellomycetes","o__Cystofilobasidiales","f__Cystofilobasidiales_fam_Incertae_sedis","g__Mrakiella","s__aquatica"
"OTU.530","k__Fungi","p__Basidiomycota","c__Cystobasidiomycetes",NA,NA,NA,NA
"OTU.531","k__Fungi","p__Basidiomycota","c__Cystobasidiomycetes",NA,NA,NA,NA
"OTU.533","k__Fungi","p__Basidiomycota","c__Tremellomycetes","o__Filobasidiales",NA,NA,NA
"OTU.535","k__Fungi","p__Ascomycota","c__Dothideomycetes","o__Dothideales","f__Dothideaceae","g__Celosporium",NA
"OTU.536","k__Fungi",NA,NA,NA,NA,NA,NA
"OTU.537","k__Fungi","p__Basidiomycota","c__Tremellomycetes","o__Filobasidiales","f__Piskurozymaceae","g__Piskurozyma","s__taiwanensis"
"OTU.538","k__Fungi","p__Basidiomycota","c__Agaricomycetes","o__Polyporales","f__Ganodermataceae",NA,NA
"OTU.539","k__Fungi","p__Basidiomycota","c__Agaricomycetes","o__Agaricales","f__Strophariaceae","g__Psilocybe","s__montana"
"OTU.541","k__Fungi","p__Ascomycota",NA,NA,NA,NA,NA
"OTU.543","k__Fungi","p__Ascomycota","c__Dothideomycetes","o__Pleosporales","f__Pleosporaceae",NA,NA
"OTU.546","k__Fungi","p__Basidiomycota",NA,NA,NA,NA,NA
"OTU.550","k__Fungi","p__Basidiomycota",NA,NA,NA,NA,NA
"OTU.552","k__Fungi","p__Basidiomycota","c__Agaricostilbomycetes","o__Agaricostilbales","f__Chionosphaeraceae",NA,NA
"OTU.553","k__Fungi","p__Ascomycota","c__Sordariomycetes",NA,NA,NA,NA
"OTU.554","k__Fungi","p__Ascomycota",NA,NA,NA,NA,NA
"OTU.555","k__Fungi","p__Ascomycota","c__Dothideomycetes","o__Pleosporales","f__Cucurbitariaceae","g__Neocucurbitaria",NA
"OTU.556","k__Fungi","p__Ascomycota","c__Dothideomycetes","o__Pleosporales","f__Pleosporaceae","g__Stemphylium","s__vesicarium"
"OTU.557","k__Fungi","p__Basidiomycota","c__Tremellomycetes","o__Cystofilobasidiales","f__Cystofilobasidiaceae","g__Cystofilobasidium","s__macerans"
"OTU.558","k__Fungi","p__Basidiomycota","c__Agaricomycetes",NA,NA,NA,NA
"OTU.559","k__Fungi",NA,NA,NA,NA,NA,NA
"OTU.561","k__Fungi",NA,NA,NA,NA,NA,NA
"OTU.562","k__Fungi","p__Ascomycota",NA,NA,NA,NA,NA
"OTU.563","k__Fungi","p__Basidiomycota",NA,NA,NA,NA,NA
"OTU.564","k__Fungi","p__Basidiomycota","c__Tremellomycetes","o__Cystofilobasidiales","f__Mrakiaceae","g__Mrakia","s__frigida"
"OTU.565","k__Fungi","p__Ascomycota","c__Pezizomycetes","o__Pezizales","f__Pyronemataceae","g__Kotlabaea",NA
"OTU.567","k__Fungi","p__Basidiomycota","c__Agaricomycetes","o__Agaricales","f__Psathyrellaceae","g__Coprinellus","s__micaceus"
"OTU.568","k__Fungi","p__Ascomycota","c__Dothideomycetes","o__Pleosporales","f__Pleosporaceae","g__Comoclathris",NA
"OTU.569","k__Fungi","p__Ascomycota","c__Pezizomycetes","o__Pezizales","f__Pyronemataceae","g__Geopyxis","s__carbonaria"
"OTU.570","k__Fungi","p__Ascomycota","c__Dothideomycetes","o__Pleosporales","f__Sporormiaceae","g__Preussia","s__longisporopsis"
"OTU.571","k__Fungi",NA,NA,NA,NA,NA,NA
"OTU.572","k__Fungi",NA,NA,NA,NA,NA,NA
"OTU.573","k__Fungi","p__Mucoromycota","c__Mucoromycetes","o__Mucorales","f__Mucoraceae","g__Mucor","s__hiemalis"
"OTU.574","k__Fungi","p__Ascomycota",NA,NA,NA,NA,NA
"OTU.575","k__Fungi","p__Basidiomycota","c__Cystobasidiomycetes","o__Naohideales","f__Naohideaceae","g__Naohidea","s__sebacea"
"OTU.576","k__Fungi","p__Ascomycota","c__Dothideomycetes","o__Pleosporales","f__Phaeosphaeriaceae","g__Chaetosphaeronema",NA
"OTU.577","k__Fungi","p__Ascomycota","c__Lecanoromycetes","o__Trapeliales","f__Trapeliaceae","g__Trapelia","s__obtegens"
"OTU.578","k__Fungi","p__Ascomycota",NA,NA,NA,NA,NA
"OTU.579","k__Fungi",NA,NA,NA,NA,NA,NA
"OTU.581","k__Fungi","p__Basidiomycota",NA,NA,NA,NA,NA
"OTU.582","k__Fungi",NA,NA,NA,NA,NA,NA
"OTU.583","k__Fungi","p__Basidiomycota","c__Agaricomycetes",NA,NA,NA,NA
"OTU.584","k__Fungi","p__Ascomycota","c__Lecanoromycetes","o__Rhizocarpales","f__Rhizocarpaceae","g__Rhizocarpon","s__geographicum"
"OTU.585","k__Fungi","p__Ascomycota","c__Dothideomycetes","o__Pleosporales","f__Amorosiaceae","g__Angustimassarina","s__acerina"
"OTU.586","k__Fungi","p__Basidiomycota",NA,NA,NA,NA,NA
"OTU.587","k__Fungi","p__Ascomycota",NA,NA,NA,NA,NA
"OTU.588","k__Fungi","p__Ascomycota","c__Saccharomycetes","o__Saccharomycetales","f__Saccharomycetaceae","g__Torulaspora","s__delbrueckii"
"OTU.589","k__Fungi",NA,NA,NA,NA,NA,NA
"OTU.590","k__Fungi",NA,NA,NA,NA,NA,NA
"OTU.591","k__Fungi",NA,NA,NA,NA,NA,NA
"OTU.592","k__Fungi","p__Ascomycota",NA,NA,NA,NA,NA
"OTU.593","k__Fungi","p__Basidiomycota","c__Tremellomycetes","o__Cystofilobasidiales","f__Cystofilobasidiaceae","g__Cystofilobasidium","s__capitatum"
"OTU.594","k__Fungi","p__Ascomycota","c__Eurotiomycetes","o__Chaetothyriales","f__Trichomeriaceae","g__Knufia",NA
"OTU.597","k__Fungi","p__Ascomycota","c__Eurotiomycetes","o__Chaetothyriales",NA,NA,NA
"OTU.598","k__Fungi","p__Ascomycota","c__Dothideomycetes","o__Pleosporales","f__Pleosporaceae","g__Stemphylium","s__vesicarium"
"OTU.599","k__Fungi","p__Basidiomycota",NA,NA,NA,NA,NA
"OTU.600","k__Fungi","p__Ascomycota","c__Taphrinomycetes","o__Taphrinales","f__Taphrinaceae","g__Taphrina",NA
"OTU.602","k__Fungi","p__Basidiomycota",NA,NA,NA,NA,NA
"OTU.603","k__Fungi",NA,NA,NA,NA,NA,NA
"OTU.604","k__Fungi","p__Ascomycota","c__Dothideomycetes","o__Pleosporales","f__Sporormiaceae","g__Preussia",NA
"OTU.605","k__Fungi","p__Basidiomycota","c__Agaricomycetes","o__Hymenochaetales","f__Schizoporaceae","g__Xylodon",NA
"OTU.607","k__Fungi","p__Ascomycota",NA,NA,NA,NA,NA
"OTU.608","k__Fungi",NA,NA,NA,NA,NA,NA
"OTU.609","k__Fungi",NA,NA,NA,NA,NA,NA
"OTU.611","k__Fungi","p__Basidiomycota","c__Microbotryomycetes","o__Sporidiobolales","f__Sporidiobolaceae","g__Sporobolomyces",NA
"OTU.615","k__Fungi","p__Ascomycota","c__Dothideomycetes",NA,NA,NA,NA
"OTU.617","k__Fungi","p__Ascomycota","c__Leotiomycetes","o__Helotiales","f__Helotiaceae","g__Tetracladium",NA
"OTU.619","k__Fungi","p__Basidiomycota","c__Agaricomycetes",NA,NA,NA,NA
"OTU.621","k__Fungi","p__Ascomycota","c__Taphrinomycetes","o__Taphrinales","f__Taphrinaceae","g__Taphrina","s__tormentillae"
"OTU.622","k__Fungi","p__Basidiomycota","c__Agaricomycetes","o__Agaricales","f__Psathyrellaceae","g__Coprinellus","s__micaceus"
"OTU.623","k__Fungi","p__Ascomycota","c__Leotiomycetes","o__Helotiales","f__Helotiaceae","g__Hymenoscyphus",NA
"OTU.624","k__Fungi","p__Basidiomycota","c__Tremellomycetes","o__Tremellales","f__Rhynchogastremataceae","g__Papiliotrema","s__frias"
"OTU.625","k__Fungi","p__Ascomycota","c__Dothideomycetes","o__Pleosporales","f__Phaeosphaeriaceae",NA,NA
"OTU.626","k__Fungi","p__Ascomycota","c__Dothideomycetes","o__Pleosporales","f__Sporormiaceae","g__Preussia","s__tetramera"
"OTU.627","k__Fungi","p__Basidiomycota",NA,NA,NA,NA,NA
"OTU.628","k__Fungi","p__Ascomycota",NA,NA,NA,NA,NA
"OTU.629","k__Fungi","p__Ascomycota","c__Dothideomycetes","o__Myriangiales","f__Myriangiales_fam_Incertae_sedis",NA,NA
"OTU.630","k__Fungi",NA,NA,NA,NA,NA,NA
"OTU.631","k__Fungi","p__Basidiomycota","c__Tremellomycetes",NA,NA,NA,NA
"OTU.632","k__Fungi","p__Chytridiomycota","c__Rhizophydiomycetes","o__Rhizophydiales","f__Rhizophydiales_fam_Incertae_sedis","g__Operculomyces","s__laminatus"
"OTU.633","k__Fungi","p__Basidiomycota","c__Tremellomycetes","o__Tremellales","f__Tremellaceae","g__Tremella","s__phaeophysciae"
"OTU.634","k__Fungi","p__Ascomycota","c__Dothideomycetes","o__Pleosporales","f__Leptosphaeriaceae","g__Plenodomus","s__biglobosus"
"OTU.635","k__Fungi","p__Ascomycota","c__Leotiomycetes","o__Thelebolales","f__Pseudeurotiaceae",NA,NA
"OTU.636","k__Fungi",NA,NA,NA,NA,NA,NA
"OTU.637","k__Fungi","p__Ascomycota","c__Dothideomycetes","o__Pleosporales","f__Leptosphaeriaceae","g__Plenodomus","s__biglobosus"
"OTU.639","k__Fungi","p__Ascomycota","c__Dothideomycetes","o__Capnodiales","f__Teratosphaeriaceae",NA,NA
"OTU.640","k__Fungi","p__Basidiomycota",NA,NA,NA,NA,NA
"OTU.641","k__Fungi",NA,NA,NA,NA,NA,NA
"OTU.642","k__Fungi",NA,NA,NA,NA,NA,NA
"OTU.644","k__Fungi","p__Ascomycota","c__Dothideomycetes","o__Pleosporales","f__Leptosphaeriaceae",NA,NA
"OTU.645","k__Fungi","p__Ascomycota","c__Dothideomycetes","o__Dothideales","f__Dothideaceae","g__Celosporium",NA
"OTU.647","k__Fungi","p__Basidiomycota",NA,NA,NA,NA,NA
"OTU.648","k__Fungi","p__Ascomycota","c__Eurotiomycetes","o__Chaetothyriales","f__Herpotrichiellaceae","g__Exophiala","s__eucalyptorum"
"OTU.649","k__Fungi","p__Ascomycota","c__Leotiomycetes","o__Helotiales","f__Leotiaceae","g__Neobulgaria",NA
"OTU.650","k__Fungi","p__Ascomycota","c__Leotiomycetes","o__Helotiales","f__Dermateaceae",NA,NA
"OTU.651","k__Fungi",NA,NA,NA,NA,NA,NA
"OTU.655","k__Fungi","p__Ascomycota","c__Arthoniomycetes","o__Lichenostigmatales","f__Phaeococcomycetaceae","g__Phaeococcomyces","s__mexicanus"
"OTU.656","k__Fungi","p__Basidiomycota","c__Agaricomycetes","o__Russulales","f__Stereaceae",NA,NA
"OTU.658","k__Fungi","p__Basidiomycota",NA,NA,NA,NA,NA
"OTU.660","k__Fungi","p__Basidiomycota","c__Agaricomycetes","o__Thelephorales","f__Thelephoraceae","g__Tomentella","s__ellisii"
"OTU.661","k__Fungi","p__Basidiomycota",NA,NA,NA,NA,NA
"OTU.662","k__Fungi","p__Basidiomycota","c__Agaricostilbomycetes","o__Agaricostilbales","f__Agaricostilbaceae","g__Pseudobensingtonia","s__ingoldii"
"OTU.663","k__Fungi","p__Basidiomycota","c__Cystobasidiomycetes","o__Cystobasidiomycetes_ord_Incertae_sedis","f__Symmetrosporaceae","g__Symmetrospora",NA
"OTU.665","k__Fungi",NA,NA,NA,NA,NA,NA
"OTU.666","k__Fungi","p__Basidiomycota","c__Agaricomycetes","o__Cantharellales","f__Cantharellales_fam_Incertae_sedis",NA,NA
"OTU.667","k__Fungi","p__Ascomycota","c__Dothideomycetes","o__Pleosporales","f__Sporormiaceae",NA,NA
"OTU.668","k__Fungi",NA,NA,NA,NA,NA,NA
"OTU.670","k__Fungi","p__Basidiomycota","c__Tremellomycetes","o__Tremellales","f__Bulleribasidiaceae","g__Vishniacozyma","s__heimaeyensis"
"OTU.671","k__Fungi","p__Ascomycota","c__Orbiliomycetes","o__Orbiliales",NA,NA,NA
"OTU.672","k__Fungi","p__Ascomycota","c__Dothideomycetes","o__Pleosporales","f__Amniculicolaceae","g__Murispora","s__hawksworthii"
"OTU.673","k__Fungi","p__Basidiomycota","c__Agaricomycetes",NA,NA,NA,NA
"OTU.674","k__Fungi","p__Ascomycota",NA,NA,NA,NA,NA
"OTU.675","k__Fungi","p__Ascomycota","c__Taphrinomycetes","o__Taphrinales","f__Taphrinaceae","g__Taphrina","s__pruni"
"OTU.676","k__Fungi","p__Ascomycota","c__Dothideomycetes","o__Venturiales","f__Venturiaceae","g__Pseudoanungitea","s__vaccinii"
"OTU.677","k__Fungi",NA,NA,NA,NA,NA,NA
"OTU.678","k__Fungi",NA,NA,NA,NA,NA,NA
"OTU.679","k__Fungi","p__Basidiomycota",NA,NA,NA,NA,NA
"OTU.680","k__Fungi","p__Basidiomycota","c__Tremellomycetes","o__Tremellales","f__Bulleribasidiaceae","g__Vishniacozyma","s__dimennae"
"OTU.681","k__Fungi","p__Basidiomycota","c__Tremellomycetes","o__Holtermanniales","f__Holtermanniales_fam_Incertae_sedis","g__Holtermanniella","s__takashimae"
"OTU.682","k__Fungi","p__Basidiomycota","c__Tremellomycetes","o__Cystofilobasidiales","f__Mrakiaceae","g__Udeniomyces","s__megalosporus"
"OTU.683","k__Fungi","p__Basidiomycota",NA,NA,NA,NA,NA
"OTU.684","k__Fungi",NA,NA,NA,NA,NA,NA
"OTU.685","k__Fungi","p__Ascomycota","c__Leotiomycetes","o__Helotiales","f__Helotiaceae",NA,NA
"OTU.686","k__Fungi","p__Rozellomycota",NA,NA,NA,NA,NA
"OTU.687","k__Fungi","p__Ascomycota","c__Eurotiomycetes","o__Chaetothyriales","f__Herpotrichiellaceae","g__Cladophialophora",NA
"OTU.689","k__Fungi","p__Basidiomycota",NA,NA,NA,NA,NA
"OTU.690","k__Fungi","p__Basidiomycota","c__Agaricomycetes","o__Cantharellales","f__Cantharellales_fam_Incertae_sedis","g__Sistotrema","s__oblongisporum"
"OTU.691","k__Fungi","p__Basidiomycota",NA,NA,NA,NA,NA
"OTU.692","k__Fungi",NA,NA,NA,NA,NA,NA
"OTU.693","k__Fungi","p__Mortierellomycota","c__Mortierellomycetes","o__Mortierellales","f__Mortierellaceae","g__Mortierella","s__elongata"
"OTU.694","k__Fungi","p__Ascomycota","c__Pezizomycetes","o__Pezizales","f__Morchellaceae","g__Morchella","s__sextelata"
"OTU.695","k__Fungi","p__Ascomycota","c__Dothideomycetes",NA,NA,NA,NA
"OTU.696","k__Fungi","p__Ascomycota",NA,NA,NA,NA,NA
"OTU.697","k__Fungi","p__Ascomycota","c__Eurotiomycetes","o__Chaetothyriales","f__Herpotrichiellaceae","g__Exophiala","s__salmonis"
"OTU.698","k__Fungi","p__Basidiomycota","c__Exobasidiomycetes","o__Entylomatales","f__Entylomataceae","g__Entyloma","s__holwayi"
"OTU.699","k__Fungi","p__Ascomycota","c__Dothideomycetes","o__Pleosporales","f__Lophiostomataceae","g__Lophiostoma","s__multiseptatum"
"OTU.700","k__Fungi",NA,NA,NA,NA,NA,NA
"OTU.701","k__Fungi",NA,NA,NA,NA,NA,NA
"OTU.702","k__Fungi","p__Ascomycota","c__Orbiliomycetes","o__Orbiliales","f__Orbiliaceae","g__Arthrobotrys","s__brochopaga"
"OTU.703","k__Fungi","p__Basidiomycota","c__Microbotryomycetes","o__Leucosporidiales","f__Leucosporidiaceae","g__Leucosporidium","s__intermedium"
"OTU.705","k__Fungi","p__Ascomycota","c__Leotiomycetes","o__Helotiales","f__Helotiales_fam_Incertae_sedis","g__Spirosphaera","s__cupreorufescens"
"OTU.706","k__Fungi",NA,NA,NA,NA,NA,NA
"OTU.707","k__Fungi","p__Basidiomycota",NA,NA,NA,NA,NA
"OTU.708","k__Fungi","p__Basidiomycota","c__Agaricomycetes","o__Cantharellales","f__Cantharellales_fam_Incertae_sedis","g__Sistotrema","s__autumnale"
"OTU.709","k__Fungi","p__Ascomycota","c__Dothideomycetes","o__Pleosporales",NA,NA,NA
"OTU.710","k__Fungi","p__Basidiomycota",NA,NA,NA,NA,NA
"OTU.711","k__Fungi","p__Basidiomycota","c__Cystobasidiomycetes","o__Naohideales","f__Naohideaceae","g__Naohidea","s__sebacea"
"OTU.712","k__Fungi","p__Ascomycota","c__Dothideomycetes","o__Venturiales","f__Sympoventuriaceae","g__Ochroconis",NA
"OTU.713","k__Fungi",NA,NA,NA,NA,NA,NA
"OTU.714","k__Fungi","p__Ascomycota","c__Dothideomycetes","o__Pleosporales","f__Pleosporales_fam_Incertae_sedis",NA,NA
"OTU.715","k__Fungi","p__Basidiomycota","c__Agaricomycetes","o__Agaricales","f__Psathyrellaceae","g__Parasola",NA
"OTU.717","k__Fungi","p__Ascomycota","c__Dothideomycetes","o__Pleosporales","f__Phaeosphaeriaceae","g__Dematiopleospora","s__rosicola"
"OTU.718","k__Fungi","p__Ascomycota","c__Pezizomycetes","o__Pezizales","f__Pyronemataceae","g__Kotlabaea",NA
"OTU.720","k__Fungi","p__Ascomycota",NA,NA,NA,NA,NA
"OTU.721","k__Fungi","p__Ascomycota","c__Dothideomycetes","o__Pleosporales","f__Didymellaceae","g__Phoma",NA
"OTU.722","k__Fungi","p__Ascomycota","c__Eurotiomycetes","o__Chaetothyriales","f__Chaetothyriales_fam_Incertae_sedis","g__Sarcinomyces","s__crustaceus"
"OTU.723","k__Fungi","p__Basidiomycota","c__Agaricomycetes",NA,NA,NA,NA
"OTU.724","k__Fungi","p__Ascomycota","c__Sordariomycetes","o__Xylariales",NA,NA,NA
"OTU.725","k__Fungi","p__Basidiomycota","c__Agaricomycetes","o__Cantharellales","f__Ceratobasidiaceae","g__Ceratobasidium",NA
"OTU.726","k__Fungi","p__Ascomycota",NA,NA,NA,NA,NA
"OTU.727","k__Fungi","p__Basidiomycota","c__Agaricomycetes","o__Cantharellales","f__Ceratobasidiaceae","g__Rhizoctonia",NA
"OTU.728","k__Fungi","p__Ascomycota","c__Sordariomycetes","o__Microascales","f__Halosphaeriaceae","g__Cirrenalia","s__iberica"
"OTU.729","k__Fungi",NA,NA,NA,NA,NA,NA
"OTU.732","k__Fungi","p__Ascomycota","c__Dothideomycetes","o__Pleosporales",NA,NA,NA
"OTU.733","k__Fungi","p__Ascomycota",NA,NA,NA,NA,NA
"OTU.734","k__Fungi","p__Ascomycota","c__Eurotiomycetes","o__Chaetothyriales","f__Herpotrichiellaceae","g__Cladophialophora","s__minutissima"
"OTU.737","k__Fungi",NA,NA,NA,NA,NA,NA
"OTU.738","k__Fungi","p__Basidiomycota","c__Agaricomycetes",NA,NA,NA,NA
"OTU.739","k__Fungi","p__Ascomycota","c__Leotiomycetes","o__Helotiales","f__Helotiaceae","g__Tetracladium",NA
"OTU.740","k__Fungi","p__Basidiomycota","c__Microbotryomycetes","o__Microbotryomycetes_ord_Incertae_sedis","f__Microbotryomycetes_fam_Incertae_sedis","g__Curvibasidium","s__cygneicollum"
"OTU.742","k__Fungi","p__Basidiomycota","c__Agaricomycetes","o__Thelephorales","f__Thelephoraceae","g__Tomentella","s__lilacinogrisea"
"OTU.743","k__Fungi","p__Ascomycota","c__Dothideomycetes","o__Pleosporales","f__Lindgomycetaceae","g__Clohesyomyces","s__aquaticus"
"OTU.746","k__Fungi","p__Basidiomycota","c__Cystobasidiomycetes","o__Cystobasidiales","f__Cystobasidiaceae","g__Cystobasidium","s__slooffiae"
"OTU.747","k__Fungi",NA,NA,NA,NA,NA,NA
"OTU.748","k__Fungi","p__Ascomycota","c__Dothideomycetes","o__Pleosporales","f__Phaeosphaeriaceae",NA,NA
"OTU.749","k__Fungi","p__Basidiomycota","c__Agaricomycetes",NA,NA,NA,NA
"OTU.751","k__Fungi","p__Ascomycota","c__Dothideomycetes","o__Pleosporales","f__Phaeosphaeriaceae",NA,NA
"OTU.752","k__Fungi","p__Basidiomycota","c__Agaricomycetes",NA,NA,NA,NA
"OTU.754","k__Fungi","p__Ascomycota","c__Sordariomycetes","o__Diaporthales","f__Diaporthaceae","g__Diaporthe","s__nothofagi"
"OTU.755","k__Fungi",NA,NA,NA,NA,NA,NA
"OTU.756","k__Fungi","p__Basidiomycota","c__Tremellomycetes","o__Filobasidiales","f__Filobasidiaceae","g__Filobasidium","s__oeirense"
"OTU.757","k__Fungi","p__Ascomycota","c__Dothideomycetes","o__Pleosporales","f__Massarinaceae","g__Stagonospora","s__pseudovitensis"
"OTU.758","k__Fungi",NA,NA,NA,NA,NA,NA
"OTU.759","k__Fungi","p__Basidiomycota","c__Tremellomycetes","o__Tremellales",NA,NA,NA
"OTU.760","k__Fungi","p__Basidiomycota",NA,NA,NA,NA,NA
"OTU.762","k__Fungi","p__Ascomycota","c__Dothideomycetes","o__Capnodiales","f__Teratosphaeriaceae",NA,NA
"OTU.763","k__Fungi","p__Basidiomycota","c__Tremellomycetes","o__Tremellales","f__Phaeotremellaceae","g__Phaeotremella",NA
"OTU.764","k__Fungi","p__Basidiomycota","c__Agaricomycetes",NA,NA,NA,NA
"OTU.765","k__Fungi","p__Basidiomycota","c__Agaricomycetes","o__Russulales","f__Stereaceae",NA,NA
"OTU.766","k__Fungi","p__Ascomycota","c__Dothideomycetes","o__Pleosporales",NA,NA,NA
"OTU.767","k__Fungi","p__Ascomycota",NA,NA,NA,NA,NA
"OTU.768","k__Fungi","p__Ascomycota",NA,NA,NA,NA,NA
"OTU.769","k__Fungi",NA,NA,NA,NA,NA,NA
"OTU.771","k__Fungi",NA,NA,NA,NA,NA,NA
"OTU.772","k__Fungi","p__Ascomycota",NA,NA,NA,NA,NA
"OTU.773","k__Fungi","p__Basidiomycota",NA,NA,NA,NA,NA
"OTU.774","k__Fungi",NA,NA,NA,NA,NA,NA
"OTU.775","k__Fungi","p__Ascomycota","c__Dothideomycetes","o__Pleosporales","f__Leptosphaeriaceae","g__Paraleptosphaeria","s__dryadis"
"OTU.776","k__Fungi",NA,NA,NA,NA,NA,NA
"OTU.777","k__Fungi","p__Basidiomycota",NA,NA,NA,NA,NA
"OTU.778","k__Fungi","p__Ascomycota","c__Pezizomycetes","o__Pezizales","f__Sarcosomataceae","g__Donadinia","s__nigrella"
"OTU.779","k__Fungi",NA,NA,NA,NA,NA,NA
"OTU.781","k__Fungi","p__Basidiomycota",NA,NA,NA,NA,NA
"OTU.782","k__Fungi","p__Ascomycota","c__Leotiomycetes","o__Helotiales","f__Leotiaceae","g__Neobulgaria",NA
"OTU.784","k__Fungi",NA,NA,NA,NA,NA,NA
"OTU.785","k__Fungi",NA,NA,NA,NA,NA,NA
"OTU.786","k__Fungi","p__Basidiomycota","c__Tremellomycetes","o__Filobasidiales",NA,NA,NA
"OTU.787","k__Fungi","p__Basidiomycota","c__Agaricomycetes",NA,NA,NA,NA
"OTU.788","k__Fungi","p__Ascomycota","c__Sordariomycetes","o__Xylariales","f__Xylariaceae",NA,NA
"OTU.789","k__Fungi","p__Basidiomycota","c__Pucciniomycetes","o__Pucciniales","f__Pucciniaceae","g__Uromyces","s__pisi-sativi"
"OTU.790","k__Fungi","p__Basidiomycota","c__Tremellomycetes","o__Filobasidiales",NA,NA,NA
"OTU.791","k__Fungi","p__Basidiomycota","c__Cystobasidiomycetes","o__Cystobasidiomycetes_ord_Incertae_sedis","f__Symmetrosporaceae","g__Symmetrospora","s__coprosmae"
"OTU.792","k__Fungi","p__Basidiomycota","c__Agaricostilbomycetes",NA,NA,NA,NA
"OTU.793","k__Fungi","p__Basidiomycota","c__Agaricomycetes","o__Agaricales","f__Hymenogastraceae","g__Hymenogaster","s__rubyensis"
"OTU.794","k__Fungi","p__Basidiomycota",NA,NA,NA,NA,NA
"OTU.795","k__Fungi","p__Basidiomycota","c__Agaricomycetes","o__Cantharellales","f__Cantharellales_fam_Incertae_sedis","g__Sistotrema","s__sernanderi"
"OTU.796","k__Fungi","p__Ascomycota","c__Sordariomycetes","o__Hypocreales","f__Hypocreales_fam_Incertae_sedis","g__Acremonium","s__rutilum"
"OTU.797","k__Fungi","p__Basidiomycota",NA,NA,NA,NA,NA
"OTU.799","k__Fungi","p__Ascomycota","c__Pezizomycetes","o__Pezizales","f__Pyronemataceae","g__Tricharina","s__praecox"
"OTU.800","k__Fungi","p__Basidiomycota",NA,NA,NA,NA,NA
"OTU.801","k__Fungi","p__Basidiomycota",NA,NA,NA,NA,NA
"OTU.802","k__Fungi","p__Basidiomycota","c__Agaricomycetes","o__Cantharellales",NA,NA,NA
"OTU.803","k__Fungi","p__Ascomycota","c__Dothideomycetes","o__Venturiales","f__Sympoventuriaceae","g__Ochroconis",NA
"OTU.804","k__Fungi","p__Ascomycota","c__Eurotiomycetes","o__Chaetothyriales",NA,NA,NA
"OTU.807","k__Fungi","p__Basidiomycota",NA,NA,NA,NA,NA
"OTU.808","k__Fungi",NA,NA,NA,NA,NA,NA
"OTU.809","k__Fungi","p__Ascomycota","c__Eurotiomycetes","o__Chaetothyriales","f__Herpotrichiellaceae","g__Exophiala","s__heteromorpha"
"OTU.811","k__Fungi","p__Ascomycota","c__Eurotiomycetes","o__Chaetothyriales","f__Herpotrichiellaceae",NA,NA
"OTU.812","k__Fungi","p__Ascomycota","c__Leotiomycetes","o__Helotiales","f__Helotiaceae","g__Ascocoryne","s__sarcoides"
"OTU.813","k__Fungi","p__Ascomycota","c__Eurotiomycetes","o__Chaetothyriales","f__Herpotrichiellaceae",NA,NA
"OTU.815","k__Fungi",NA,NA,NA,NA,NA,NA
"OTU.817","k__Fungi","p__Ascomycota",NA,NA,NA,NA,NA
"OTU.818","k__Fungi","p__Basidiomycota","c__Agaricomycetes",NA,NA,NA,NA
"OTU.819","k__Fungi",NA,NA,NA,NA,NA,NA
"OTU.821","k__Fungi","p__Ascomycota","c__Eurotiomycetes","o__Chaetothyriales","f__Chaetothyriales_fam_Incertae_sedis","g__Sarcinomyces","s__crustaceus"
"OTU.822","k__Fungi","p__Basidiomycota","c__Agaricomycetes","o__Agaricales","f__Strophariaceae","g__Phaeomarasmius","s__erinaceus"
"OTU.823","k__Fungi","p__Ascomycota","c__Dothideomycetes","o__Mytilinidiales","f__Mytilinidiaceae","g__Lophium","s__mytilinum"
"OTU.824","k__Fungi","p__Basidiomycota",NA,NA,NA,NA,NA
"OTU.826","k__Fungi","p__Ascomycota","c__Dothideomycetes","o__Pleosporales","f__Leptosphaeriaceae","g__Plenodomus","s__biglobosus"
"OTU.827","k__Fungi","p__Basidiomycota",NA,NA,NA,NA,NA
"OTU.828","k__Fungi","p__Basidiomycota","c__Tremellomycetes","o__Tremellales","f__Bulleribasidiaceae","g__Vishniacozyma","s__globispora"
"OTU.829","k__Fungi","p__Ascomycota","c__Dothideomycetes","o__Capnodiales","f__Teratosphaeriaceae","g__Penidiella","s__ellipsoidea"
"OTU.830","k__Fungi","p__Ascomycota","c__Eurotiomycetes","o__Chaetothyriales","f__Trichomeriaceae","g__Trichomerium","s__dioscoreae"
"OTU.831","k__Fungi","p__Ascomycota",NA,NA,NA,NA,NA
"OTU.832","k__Fungi","p__Basidiomycota","c__Tremellomycetes","o__Tremellales","f__Bulleribasidiaceae","g__Dioszegia","s__hungarica"
"OTU.834","k__Fungi","p__Ascomycota","c__Dothideomycetes","o__Venturiales","f__Sympoventuriaceae",NA,NA
"OTU.835","k__Fungi","p__Ascomycota","c__Dothideomycetes","o__Capnodiales","f__Teratosphaeriaceae",NA,NA
"OTU.837","k__Fungi","p__Basidiomycota",NA,NA,NA,NA,NA
"OTU.838","k__Fungi",NA,NA,NA,NA,NA,NA
"OTU.839","k__Fungi","p__Basidiomycota","c__Agaricomycetes",NA,NA,NA,NA
"OTU.840","k__Fungi","p__Basidiomycota","c__Agaricomycetes","o__Polyporales","f__Ganodermataceae","g__Ganoderma","s__oregonense"
"OTU.842","k__Fungi","p__Ascomycota",NA,NA,NA,NA,NA
"OTU.843","k__Fungi",NA,NA,NA,NA,NA,NA
"OTU.845","k__Fungi","p__Basidiomycota","c__Agaricomycetes","o__Agaricales","f__Strophariaceae","g__Tubaria","s__conspersa"
"OTU.846","k__Fungi","p__Ascomycota","c__Dothideomycetes","o__Pleosporales","f__Phaeosphaeriaceae",NA,NA
"OTU.847","k__Fungi","p__Basidiomycota","c__Agaricomycetes","o__Hymenochaetales","f__Tubulicrinaceae","g__Tubulicrinis","s__glebulosus"
"OTU.848","k__Fungi","p__Basidiomycota","c__Agaricomycetes",NA,NA,NA,NA
"OTU.849","k__Fungi",NA,NA,NA,NA,NA,NA
"OTU.850","k__Fungi","p__Basidiomycota","c__Tremellomycetes","o__Holtermanniales","f__Holtermanniales_fam_Incertae_sedis","g__Holtermanniella","s__takashimae"
"OTU.852","k__Fungi","p__Basidiomycota","c__Agaricomycetes",NA,NA,NA,NA
"OTU.853","k__Fungi","p__Basidiomycota","c__Tremellomycetes","o__Cystofilobasidiales","f__Mrakiaceae","g__Itersonilia","s__perplexans"
"OTU.854","k__Fungi","p__Basidiomycota",NA,NA,NA,NA,NA
"OTU.855","k__Fungi","p__Ascomycota",NA,NA,NA,NA,NA
"OTU.856","k__Fungi","p__Basidiomycota","c__Agaricomycetes","o__Russulales","f__Stereaceae","g__Aleurodiscus","s__grantii"
"OTU.857","k__Fungi","p__Ascomycota","c__Eurotiomycetes","o__Chaetothyriales","f__Herpotrichiellaceae","g__Cladophialophora",NA
"OTU.858","k__Fungi","p__Basidiomycota","c__Agaricostilbomycetes","o__Agaricostilbales",NA,NA,NA
"OTU.859","k__Fungi","p__Ascomycota","c__Eurotiomycetes",NA,NA,NA,NA
"OTU.860","k__Fungi","p__Ascomycota","c__Dothideomycetes","o__Venturiales","f__Venturiaceae","g__Cylindrosympodium",NA
"OTU.861","k__Fungi","p__Basidiomycota","c__Tremellomycetes",NA,NA,NA,NA
"OTU.862","k__Fungi","p__Ascomycota","c__Leotiomycetes","o__Helotiales","f__Helotiaceae","g__Tetracladium",NA
"OTU.863","k__Fungi","p__Basidiomycota","c__Tremellomycetes","o__Tremellales","f__Bulleribasidiaceae","g__Dioszegia",NA
"OTU.864","k__Fungi","p__Ascomycota",NA,NA,NA,NA,NA
"OTU.865","k__Fungi","p__Ascomycota","c__Dothideomycetes","o__Pleosporales",NA,NA,NA
"OTU.866","k__Fungi","p__Ascomycota",NA,NA,NA,NA,NA
"OTU.868","k__Fungi","p__Ascomycota",NA,NA,NA,NA,NA
"OTU.869","k__Fungi","p__Basidiomycota","c__Agaricomycetes","o__Agaricales","f__Pluteaceae","g__Pluteus",NA
"OTU.870","k__Fungi","p__Ascomycota","c__Leotiomycetes","o__Helotiales","f__Hyaloscyphaceae","g__Pezizella",NA
"OTU.871","k__Fungi","p__Ascomycota",NA,NA,NA,NA,NA
"OTU.872","k__Fungi","p__Basidiomycota",NA,NA,NA,NA,NA
"OTU.873","k__Fungi","p__Basidiomycota","c__Agaricomycetes","o__Thelephorales","f__Thelephoraceae","g__Tomentella","s__ellisii"
"OTU.874","k__Fungi","p__Basidiomycota","c__Tremellomycetes","o__Tremellales",NA,NA,NA
"OTU.875","k__Fungi","p__Ascomycota","c__Dothideomycetes","o__Pleosporales",NA,NA,NA
"OTU.876","k__Fungi",NA,NA,NA,NA,NA,NA
"OTU.877","k__Fungi","p__Ascomycota","c__Dothideomycetes","o__Pleosporales","f__Lophiostomataceae","g__Sigarispora","s__arundinis"
"OTU.878","k__Fungi","p__Ascomycota","c__Lecanoromycetes","o__Lecanorales","f__Ramalinaceae","g__Ramalina","s__farinacea"
"OTU.879","k__Fungi","p__Mortierellomycota","c__Mortierellomycetes","o__Mortierellales","f__Mortierellaceae","g__Mortierella","s__parvispora"
"OTU.880","k__Fungi","p__Basidiomycota","c__Agaricomycetes","o__Trechisporales","f__Hydnodontaceae","g__Trechispora","s__invisitata"
"OTU.881","k__Fungi","p__Ascomycota","c__Eurotiomycetes","o__Chaetothyriales",NA,NA,NA
"OTU.882","k__Fungi","p__Ascomycota","c__Dothideomycetes","o__Capnodiales","f__Mycosphaerellaceae",NA,NA
"OTU.884","k__Fungi","p__Ascomycota",NA,NA,NA,NA,NA
"OTU.885","k__Fungi","p__Ascomycota","c__Saccharomycetes","o__Saccharomycetales","f__Debaryomycetaceae","g__Yamadazyma","s__mexicana"
